{"0": [60.411350179194784, -1.0921838790296605], "1": [58.21802760082898, -5.235150229407951], "2": [58.23981098194514, -4.214602404439442], "3": [57.67989778127097, -5.187021421320654], "4": [57.70123315338609, -4.181619693366187], "5": [57.7145783456332, -3.1750641101941146], "6": [57.141697322688984, -5.140574992255043], "7": [57.16259774601312, -4.149791472133021], "8": [57.175670626984854, -3.1579092788296657], "9": [57.180901961109484, -2.165434439912996], "10": [56.575300962783125, -6.070872683604543], "11": [56.603427019393024, -5.095730609994788], "12": [56.623904916160456, -4.119062508517023], "13": [56.63671327814588, -3.1413474091933957], "14": [56.065087606095915, -5.052413037726755], "15": [56.08515480072207, -4.08938108168558], "16": [56.09770606018745, -3.1253505694286514], "17": [55.52667976396748, -5.010551738243946], "18": [55.54634752008508, -4.060698708697892], "19": [55.55864874102125, -3.1098925787356415], "20": [55.56357114283391, -2.158572412695054], "21": [54.88726276241941, -7.771800914321292], "22": [54.92806473347965, -6.839906768730921], "23": [54.96172272713021, -5.905863859359137], "24": [54.988204126140566, -4.970080514477134], "25": [55.0074831808013, -4.032969896187822], "26": [55.0195410962785, -3.0949488728598658], "27": [55.02436609669393, -2.156436864926905], "28": [54.350695721441774, -7.696103769157033], "29": [54.39070020177105, -6.776306018609087], "30": [54.423699155326005, -5.854453600453819], "31": [54.480382910116205, -3.080496381801731], "32": [54.485113082450184, -2.1543715346291616], "33": [54.482747870549005, -1.2281796018880626], "34": [53.853238707547796, -6.7147608517477755], "35": [53.94117397595792, -3.066513418471675], "36": [53.94581177617876, -2.1523733204208098], "37": [53.943492755378394, -1.2381690526386988], "38": [53.934219085455084, -0.324285539210038], "39": [53.40191409717515, -3.0529795771650905], "40": [53.4064618707662, -2.1504393042562358], "41": [53.40418786804868, -1.2478376075782356], "42": [53.3950941751323, -0.3455429421663342], "43": [52.85145701469304, -3.9307729225352612], "44": [52.862603087714554, -3.039875640861686], "45": [52.86706307603938, -2.1485667381542592], "46": [52.864832970466075, -1.2571989998790891], "47": [52.85591477593614, -0.36612535801827717], "48": [52.840316505403216, 0.5243019875133613], "49": [52.818052155358174, 1.4137324428374818], "50": [52.31230865551353, -3.9072194147630217], "51": [52.32324077267594, -3.02718349646763], "52": [52.3276151188887, -2.1467530320649955], "53": [52.32542783864351, -1.2662661736262122], "54": [52.31668086001346, -0.3860612095863636], "55": [52.301381888915344, 0.49352425297586433], "56": [52.27954438620316, 1.3721541018866341], "57": [51.75595716864903, -4.753207961665647], "58": [51.7731037092303, -3.884397946269198], "59": [51.78382698884521, -3.014886057218038], "60": [51.78811774338464, -2.144995742762392], "61": [51.78597226302555, -1.2750513392991267], "62": [51.77739240297824, -0.405377310271092], "63": [51.76238557811075, 0.4637025156890477], "64": [51.74096474148647, 1.3318657028374505], "65": [51.23384224328976, -3.8622786256956676], "66": [51.24436158518601, -3.0029671915442586], "67": [51.2485707108877, -2.1432925636627274], "68": [51.24646604878925, -1.283566024630194], "69": [51.2380493849737, -0.42409897550895276], "70": [51.223327858170784, 0.43479777467399516], "71": [50.67802209968974, -4.689607802872131], "72": [50.694524325907075, -3.840833208920992], "73": [50.70484442329337, -2.9914116577865513], "74": [50.708973800151696, -2.141641315480292], "75": [50.70690901612289, -1.2918211212822892], "76": [50.69865179164964, -0.44225012507777733], "77": [50.68420900324277, 0.40677317592826134]}